{
    "-1":"Unknown error",
    "0":"Success",
    "1":"No Assign",
    "2":"Cancelled",
    "3":"System error",
    "4":"Network error",
    "5":"Server error",
    "6":"Timeout",
    "7":"No support",
    "8":"Operation system error",
    "9":"Need plugin package",
    "10":"Need login",
    "11":"Invalid argument",
    "12":"Need system permission",
    "13":"Need configuration",
    "14":"Service refused",
    "15":"Need install app",
    "16":"Need upgrade app",
    "17":"Initialize error",
    "18":"Empty channel",
    "19":"Function disabled",
    "20":"Need realname auth",
    "21":"Realname auth fail",
    "22":"In progress",
    "23":"Api Aeprecated",
    "24":"Libcurl error",
    "25":"Frequency limit",
    "26":"Dined by app",
    "27":"QrCode timeout",
    "28":"Need Popup, waiting for next login callback",
    "1000":"Unknown login error",
    "1001":"No login data",
    "1002":"Login data expired",
    "1004":"Keystore verify error",
    "1005":"Need user data on server",
    "1006":"Login code for connect",
    "1010":"Login need user data on server",
    "1011":"Login with url success",
    "1012":"Need redirect to login",
    "1013":"Need different account alert",
    "1014":"Token is refreshed",
    "1021":"No connect data",
    "1022":"Connect data expired",
    "1023":"Connect data no match login user",
    "1100":"Unknown share error",
    "1200":"Unknown group error",
    "1300":"Unknown notice error",
    "1400":"Push receiver text",
    "1401":"Push notification click",
    "1402":"Push notification show",
    "1500":"Unknown WebView error",
    "1600":"Invalid password",
    "9999":"Undefined error code, check thirdRetCode"
}